<?xml version="1.0" encoding="UTF-8"?>

<root>
	<radios>
		<radio>
			<name>陕西青春广播</name>
			<frequency>105.5</frequency>
			<area>陕西</area>
			<group>S</group>
		</radio>
		<radio>
			<name>西安资讯广播</name>
			<frequency>106.1</frequency>
			<area>陕西</area>
			<group>S</group>
		</radio>
		<radio>
			<name>陕西音乐广播</name>
			<frequency>98.8</frequency>
			<area>陕西</area>
			<group>S</group>
		</radio>
		<radio>
			<name>陕西经济广播</name>
			<frequency>89.6</frequency>
			<area>陕西</area>
			<group>S</group>
		</radio>
		<radio>
			<name>西安音乐广播</name>
			<frequency>93.1</frequency>
			<area>陕西</area>
			<group>S</group>
		</radio>
		<radio>
			<name>陕西秦腔广播</name>
			<frequency>101.1</frequency>
			<area>陕西</area>
			<group>S</group>
		</radio>
		<radio>
			<name>西安交通旅游广播</name>
			<frequency>104.3</frequency>
			<area>陕西</area>
			<group>S</group>
		</radio>
		<radio>
			<name>西安综艺广播</name>
			<frequency>102.4</frequency>
			<area>陕西</area>
			<group>S</group>
		</radio>
		<radio>
			<name>陕西交通广播</name>
			<frequency>91.6</frequency>
			<area>陕西</area>
			<group>S</group>
		</radio>
		<radio>
			<name>重庆都市广播</name>
			<frequency>93.8</frequency>
			<area>重庆</area>
			<group>C</group>
		</radio>
		<radio>
			<name>重庆交通广播</name>
			<frequency>95.5</frequency>
			<area>重庆</area>
			<group>C</group>
		</radio>
		<radio>
			<name>重庆经济广播</name>
			<frequency>101.5</frequency>
			<area>重庆</area>
			<group>C</group>
		</radio>
		<radio>
			<name>重庆故事广播</name>
			<frequency>103.5</frequency>
			<area>重庆</area>
			<group>C</group>
		</radio>
		<radio>
			<name>重庆音乐广播</name>
			<frequency>88.1</frequency>
			<area>重庆</area>
			<group>C</group>
		</radio>
		<radio>
			<name>营口交通文艺广播</name>
			<frequency>95.1</frequency>
			<area>辽宁</area>
			<group>L</group>
		</radio>
		<radio>
			<name>U Radio音乐广播</name>
			<frequency>100.6</frequency>
			<area>辽宁</area>
			<group>L</group>
		</radio>
		<radio>
			<name>大连音乐广播</name>
			<frequency>106.7</frequency>
			<area>辽宁</area>
			<group>L</group>
		</radio>
		<radio>
			<name>991汽车生活广播</name>
			<frequency>99.1</frequency>
			<area>辽宁</area>
			<group>L</group>
		</radio>
		<radio>
			<name>大连体育广播</name>
			<frequency>105.7</frequency>
			<area>辽宁</area>
			<group>L</group>
		</radio>
		<radio>
			<name>大连新城乡广播</name>
			<frequency>95.6</frequency>
			<area>辽宁</area>
			<group>L</group>
		</radio>
		<radio>
			<name>沈阳交通广播</name>
			<frequency>98.6</frequency>
			<area>辽宁</area>
			<group>L</group>
		</radio>
		<radio>
			<name>大连交通广播</name>
			<frequency>100.8</frequency>
			<area>辽宁</area>
			<group>L</group>
		</radio>
		<radio>
			<name>大连财经广播</name>
			<frequency>93.1</frequency>
			<area>辽宁</area>
			<group>L</group>
		</radio>
		<radio>
			<name>贵阳都市女性广播</name>
			<frequency>104</frequency>
			<area>贵州</area>
			<group>G</group>
		</radio>
		<radio>
			<name>贵州音乐广播</name>
			<frequency>91.6</frequency>
			<area>贵州</area>
			<group>G</group>
		</radio>
		<radio>
			<name>贵州经济广播</name>
			<frequency>98.9</frequency>
			<area>贵州</area>
			<group>G</group>
		</radio>
		<radio>
			<name>贵阳交通广播</name>
			<frequency>102.7</frequency>
			<area>贵州</area>
			<group>G</group>
		</radio>
		<radio>
			<name>贵州交通广播</name>
			<frequency>95.2</frequency>
			<area>贵州</area>
			<group>G</group>
		</radio>
		<radio>
			<name>贵州故事广播</name>
			<frequency>90.0</frequency>
			<area>贵州</area>
			<group>G</group>
		</radio>
		<radio>
			<name>贵州都市广播</name>
			<frequency>106.2</frequency>
			<area>贵州</area>
			<group>G</group>
		</radio>
		<radio>
			<name>贵州新闻广播</name>
			<frequency>94.6</frequency>
			<area>贵州</area>
			<group>G</group>
		</radio>
		<radio>
			<name>贵州旅游广播</name>
			<frequency>97.2</frequency>
			<area>贵州</area>
			<group>G</group>
		</radio>
		<radio>
			<name>黔东南人民广播电台</name>
			<frequency>104.9</frequency>
			<area>贵州</area>
			<group>G</group>
		</radio>
		<radio>
			<name>福州交通之声</name>
			<frequency>87.6</frequency>
			<area>福建</area>
			<group>F</group>
		</radio>
		<radio>
			<name>厦门经济交通广播</name>
			<frequency>107</frequency>
			<area>福建</area>
			<group>F</group>
		</radio>
		<radio>
			<name>福州左海之声</name>
			<frequency>90.1</frequency>
			<area>福建</area>
			<group>F</group>
		</radio>
		<radio>
			<name>海峡之声汽车生活广播</name>
			<frequency>90.6</frequency>
			<area>福建</area>
			<group>F</group>
		</radio>
		<radio>
			<name>厦门音乐广播</name>
			<frequency>90.9</frequency>
			<area>福建</area>
			<group>F</group>
		</radio>
		<radio>
			<name>福建汽车音乐调频</name>
			<frequency>91.3</frequency>
			<area>福建</area>
			<group>F</group>
		</radio>
		<radio>
			<name>厦旅游广播</name>
			<frequency>94.0</frequency>
			<area>福建</area>
			<group>F</group>
		</radio>
		<radio>
			<name>福建经济电台</name>
			<frequency>96.1</frequency>
			<area>福建</area>
			<group>F</group>
		</radio>
		<radio>
			<name>厦门闽南之声</name>
			<frequency>101.2</frequency>
			<area>福建</area>
			<group>F</group>
		</radio>
		<radio>
			<name>996海都阳光调频</name>
			<frequency>99.6</frequency>
			<area>福建</area>
			<group>F</group>
		</radio>
		<radio>
			<name>福州音乐频道</name>
			<frequency>89.3</frequency>
			<area>福建</area>
			<group>F</group>
		</radio>
		<radio>
			<name>甘肃青春调频</name>
			<frequency>104.8</frequency>
			<area>甘肃</area>
			<group>G</group>
		</radio>
		<radio>
			<name>兰州生活文艺广播</name>
			<frequency>100.8</frequency>
			<area>甘肃</area>
			<group>G</group>
		</radio>
		<radio>
			<name>兰州交通音乐广播</name>
			<frequency>99.5</frequency>
			<area>甘肃</area>
			<group>G</group>
		</radio>
		<radio>
			<name>FM1017城市之声</name>
			<frequency>101.7</frequency>
			<area>湖南</area>
			<group>H</group>
		</radio>
		<radio>
			<name>湖南乡村之声</name>
			<frequency>93.8</frequency>
			<area>湖南</area>
			<group>H</group>
		</radio>
		<radio>
			<name>金鹰955</name>
			<frequency>95.5</frequency>
			<area>湖南</area>
			<group>H</group>
		</radio>
		<radio>
			<name>邵阳交通频道</name>
			<frequency>95.4</frequency>
			<area>湖南</area>
			<group>H</group>
		</radio>
		<radio>
			<name>湖南新闻频道</name>
			<frequency>102.8</frequency>
			<area>湖南</area>
			<group>H</group>
		</radio>
		<radio>
			<name>湖南交通频道</name>
			<frequency>91.8</frequency>
			<area>湖南</area>
			<group>H</group>
		</radio>
		<radio>
			<name>湖南文艺广播</name>
			<frequency>97.5</frequency>
			<area>湖南</area>
			<group>H</group>
		</radio>
		<radio>
			<name>快乐886电台</name>
			<frequency>88.6</frequency>
			<area>湖南</area>
			<group>H</group>
		</radio>
		<radio>
			<name>893汽车音乐电台</name>
			<frequency>89.3</frequency>
			<area>湖南</area>
			<group>H</group>
		</radio>
		<radio>
			<name>湖南旅游故事广播</name>
			<frequency>106.9</frequency>
			<area>湖南</area>
			<group>H</group>
		</radio>
		<radio>
			<name>湖南快乐1045电台</name>
			<frequency>104.5</frequency>
			<area>湖南</area>
			<group>H</group>
		</radio>
		<radio>
			<name>大眼睛湘潭1065电台</name>
			<frequency>106.5</frequency>
			<area>湖南</area>
			<group>H</group>
		</radio>
		<radio>
			<name>长沙交通音乐广播</name>
			<frequency>106.1</frequency>
			<area>湖南</area>
			<group>H</group>
		</radio>
		<radio>
			<name>湖南经济广播</name>
			<frequency>90.1</frequency>
			<area>湖南</area>
			<group>H</group>
		</radio>
		<radio>
			<name>邵阳音乐频道</name>
			<frequency>92.8</frequency>
			<area>湖南</area>
			<group>H</group>
		</radio>
		<radio>
			<name>都市105长沙新闻广播</name>
			<frequency>105.0</frequency>
			<area>湖南</area>
			<group>H</group>
		</radio>
		<radio>
			<name>荆州交通音乐台</name>
			<frequency>96.3</frequency>
			<area>湖北</area>
			<group>H</group>
		</radio>
		<radio>
			<name>湖北生活广播</name>
			<frequency>96.6</frequency>
			<area>湖北</area>
			<group>H</group>
		</radio>
		<radio>
			<name>湖北农村广播</name>
			<frequency>91.2</frequency>
			<area>湖北</area>
			<group>H</group>
		</radio>
		<radio>
			<name>湖北交通广播</name>
			<frequency>107.8</frequency>
			<area>湖北</area>
			<group>H</group>
		</radio>
		<radio>
			<name>楚天音乐广播</name>
			<frequency>105.8</frequency>
			<area>湖北</area>
			<group>H</group>
		</radio>
		<radio>
			<name>襄阳汽车广播</name>
			<frequency>105.3</frequency>
			<area>湖北</area>
			<group>H</group>
		</radio>
		<radio>
			<name>湖北经济广播</name>
			<frequency>99.8</frequency>
			<area>湖北</area>
			<group>H</group>
		</radio>
		<radio>
			<name>湖北之声</name>
			<frequency>104.6</frequency>
			<area>湖北</area>
			<group>H</group>
		</radio>
		<radio>
			<name>襄阳交通广播</name>
			<frequency>89</frequency>
			<area>湖北</area>
			<group>H</group>
		</radio>
		<radio>
			<name>荆州汽车电台</name>
			<frequency>90.1</frequency>
			<area>湖北</area>
			<group>H</group>
		</radio>
		<radio>
			<name>襄阳新闻广播</name>
			<frequency>104</frequency>
			<area>湖北</area>
			<group>H</group>
		</radio>
		<radio>
			<name>湖北音乐广播</name>
			<frequency>103.8</frequency>
			<area>湖北</area>
			<group>H</group>
		</radio>
		<radio>
			<name>海南新闻广播</name>
			<frequency>88.6</frequency>
			<area>海南</area>
			<group>H</group>
		</radio>
		<radio>
			<name>海南国际旅游岛之声</name>
			<frequency>103.8</frequency>
			<area>海南</area>
			<group>H</group>
		</radio>
		<radio>
			<name>海南交通广播</name>
			<frequency>100.3</frequency>
			<area>海南</area>
			<group>H</group>
		</radio>
		<radio>
			<name>海南音乐广播</name>
			<frequency>94.5</frequency>
			<area>海南</area>
			<group>H</group>
		</radio>
		<radio>
			<name>宁波私家车音乐台</name>
			<frequency>104.7</frequency>
			<area>浙江</area>
			<group>Z</group>
		</radio>
		<radio>
			<name>浙江财富广播</name>
			<frequency>95</frequency>
			<area>浙江</area>
			<group>Z</group>
		</radio>
		<radio>
			<name>浙江电台民生996</name>
			<frequency>99.6</frequency>
			<area>浙江</area>
			<group>Z</group>
		</radio>
		<radio>
			<name>台州交通广播</name>
			<frequency>102.7</frequency>
			<area>浙江</area>
			<group>Z</group>
		</radio>
		<radio>
			<name>温州经济生活广播</name>
			<frequency>88.8</frequency>
			<area>浙江</area>
			<group>Z</group>
		</radio>
		<radio>
			<name>杭州交通广播</name>
			<frequency>91.8</frequency>
			<area>浙江</area>
			<group>Z</group>
		</radio>
		<radio>
			<name>浙江交通广播</name>
			<frequency>93</frequency>
			<area>浙江</area>
			<group>Z</group>
		</radio>
		<radio>
			<name>仙居电台IBOX音乐调频</name>
			<frequency>101</frequency>
			<area>浙江</area>
			<group>Z</group>
		</radio>
		<radio>
			<name>宁波音乐广播</name>
			<frequency>98.6</frequency>
			<area>浙江</area>
			<group>Z</group>
		</radio>
		<radio>
			<name>浙江之声</name>
			<frequency>88</frequency>
			<area>浙江</area>
			<group>Z</group>
		</radio>
		<radio>
			<name>温州私家车音乐广播</name>
			<frequency>100.3</frequency>
			<area>浙江</area>
			<group>Z</group>
		</radio>
		<radio>
			<name>温州交通广播</name>
			<frequency>103.9</frequency>
			<area>浙江</area>
			<group>Z</group>
		</radio>
		<radio>
			<name>台州音乐广播</name>
			<frequency>100.1</frequency>
			<area>浙江</area>
			<group>Z</group>
		</radio>
		<radio>
			<name>杭州新闻广播</name>
			<frequency>89</frequency>
			<area>浙江</area>
			<group>Z</group>
		</radio>
		<radio>
			<name>宁波交通广播</name>
			<frequency>93.9</frequency>
			<area>浙江</area>
			<group>Z</group>
		</radio>
		<radio>
			<name>FM1045女主播电台</name>
			<frequency>104.5</frequency>
			<area>浙江</area>
			<group>Z</group>
		</radio>
		<radio>
			<name>杭州西湖之声</name>
			<frequency>105.4</frequency>
			<area>浙江</area>
			<group>Z</group>
		</radio>
		<radio>
			<name>温州之声</name>
			<frequency>94.9</frequency>
			<area>浙江</area>
			<group>Z</group>
		</radio>
		<radio>
			<name>浙江城市之声</name>
			<frequency>107</frequency>
			<area>浙江</area>
			<group>Z</group>
		</radio>
		<radio>
			<name>郑州音乐广播</name>
			<frequency>94.4</frequency>
			<area>河南</area>
			<group>H</group>
		</radio>
		<radio>
			<name>安阳汽车音乐台</name>
			<frequency>100.8</frequency>
			<area>河南</area>
			<group>H</group>
		</radio>
		<radio>
			<name>郑州经济广播</name>
			<frequency>93.1</frequency>
			<area>河南</area>
			<group>H</group>
		</radio>
		<radio>
			<name>河南电台My Radio</name>
			<frequency>90.0</frequency>
			<area>河南</area>
			<group>H</group>
		</radio>
		<radio>
			<name>郑州女性时空广播</name>
			<frequency>88.9</frequency>
			<area>河南</area>
			<group>H</group>
		</radio>
		<radio>
			<name>郑州新闻广播</name>
			<frequency>98.6</frequency>
			<area>河南</area>
			<group>H</group>
		</radio>
		<radio>
			<name>飞扬920新乡音乐电台</name>
			<frequency>92.0</frequency>
			<area>河南</area>
			<group>H</group>
		</radio>
		<radio>
			<name>河南交通广播</name>
			<frequency>104.1</frequency>
			<area>河南</area>
			<group>H</group>
		</radio>
		<radio>
			<name>郑州都市交通广播</name>
			<frequency>91.2</frequency>
			<area>河南</area>
			<group>H</group>
		</radio>
		<radio>
			<name>河南教育广播</name>
			<frequency>106.6</frequency>
			<area>河南</area>
			<group>H</group>
		</radio>
		<radio>
			<name>河南音乐广播</name>
			<frequency>88.1</frequency>
			<area>河南</area>
			<group>H</group>
		</radio>
		<radio>
			<name>河北交通广播</name>
			<frequency>99.2</frequency>
			<area>河北</area>
			<group>H</group>
		</radio>
		<radio>
			<name>河北经济广播</name>
			<frequency>107.9</frequency>
			<area>河北</area>
			<group>H</group>
		</radio>
		<radio>
			<name>石家庄音乐广播</name>
			<frequency>106.7</frequency>
			<area>河北</area>
			<group>H</group>
		</radio>
		<radio>
			<name>河北新闻广播</name>
			<frequency>104.3</frequency>
			<area>河北</area>
			<group>H</group>
		</radio>
		<radio>
			<name>河北音乐广播</name>
			<frequency>102.4</frequency>
			<area>河北</area>
			<group>H</group>
		</radio>
		<radio>
			<name>保定新闻广播</name>
			<frequency>93.7</frequency>
			<area>河北</area>
			<group>H</group>
		</radio>
		<radio>
			<name>唐山音乐广播</name>
			<frequency>94</frequency>
			<area>河北</area>
			<group>H</group>
		</radio>
		<radio>
			<name>江西电台绿色之声</name>
			<frequency>98.5</frequency>
			<area>江西</area>
			<group>J</group>
		</radio>
		<radio>
			<name>江西都市广播</name>
			<frequency>106.5</frequency>
			<area>江西</area>
			<group>J</group>
		</radio>
		<radio>
			<name>鄱阳湖之声</name>
			<frequency>97.4</frequency>
			<area>江西</area>
			<group>J</group>
		</radio>
		<radio>
			<name>江西MYFM96.9</name>
			<frequency>96.9</frequency>
			<area>江西</area>
			<group>J</group>
		</radio>
		<radio>
			<name>江西音乐广播</name>
			<frequency>103.4</frequency>
			<area>江西</area>
			<group>J</group>
		</radio>
		<radio>
			<name>快乐联盟大眼睛897电台</name>
			<frequency>89.7</frequency>
			<area>江西</area>
			<group>J</group>
		</radio>
		<radio>
			<name>南昌交通音乐广播</name>
			<frequency>95.1</frequency>
			<area>江西</area>
			<group>J</group>
		</radio>
		<radio>
			<name>江西旅游广播</name>
			<frequency>100.7</frequency>
			<area>江西</area>
			<group>J</group>
		</radio>
		<radio>
			<name>江西交通广播</name>
			<frequency>105.4</frequency>
			<area>江西</area>
			<group>J</group>
		</radio>
		<radio>
			<name>南昌音乐故事广播</name>
			<frequency>90.6</frequency>
			<area>江西</area>
			<group>J</group>
		</radio>
		<radio>
			<name>镇江城市广播</name>
			<frequency>90.5</frequency>
			<area>江苏</area>
			<group>J</group>
		</radio>
		<radio>
			<name>连云港经济广播</name>
			<frequency>90.2</frequency>
			<area>江苏</area>
			<group>J</group>
		</radio>
		<radio>
			<name>江苏新闻广播</name>
			<frequency>93.7</frequency>
			<area>江苏</area>
			<group>J</group>
		</radio>
		<radio>
			<name>江阴汽车电台</name>
			<frequency>90.7</frequency>
			<area>江苏</area>
			<group>J</group>
		</radio>
		<radio>
			<name>泰州新闻广播</name>
			<frequency>103.7</frequency>
			<area>江苏</area>
			<group>J</group>
		</radio>
		<radio>
			<name>无锡新闻资讯广播</name>
			<frequency>93.7</frequency>
			<area>江苏</area>
			<group>J</group>
		</radio>
		<radio>
			<name>扬州新闻广播</name>
			<frequency>98.5</frequency>
			<area>江苏</area>
			<group>J</group>
		</radio>
		<radio>
			<name>秦川音乐广播</name>
			<frequency>91.9</frequency>
			<area>江苏</area>
			<group>J</group>
		</radio>
		<radio>
			<name>南京MYFM103.5</name>
			<frequency>103.5</frequency>
			<area>江苏</area>
			<group>J</group>
		</radio>
		<radio>
			<name>常州新闻广播</name>
			<frequency>103.4</frequency>
			<area>江苏</area>
			<group>J</group>
		</radio>
		<radio>
			<name>扬州生活广播</name>
			<frequency>94.9</frequency>
			<area>江苏</area>
			<group>J</group>
		</radio>
		<radio>
			<name>扬州交通广播</name>
			<frequency>103.5</frequency>
			<area>江苏</area>
			<group>J</group>
		</radio>
		<radio>
			<name>镇江交通广播</name>
			<frequency>88.8</frequency>
			<area>江苏</area>
			<group>J</group>
		</radio>
		<radio>
			<name>江苏音乐台</name>
			<frequency>89.7</frequency>
			<area>江苏</area>
			<group>J</group>
		</radio>
		<radio>
			<name>虞城交通广播</name>
			<frequency>100.8</frequency>
			<area>江苏</area>
			<group>J</group>
		</radio>
		<radio>
			<name>丹阳电台交通音乐频率</name>
			<frequency>88.3</frequency>
			<area>江苏</area>
			<group>J</group>
		</radio>
		<radio>
			<name>江苏交通广播</name>
			<frequency>101.1</frequency>
			<area>江苏</area>
			<group>J</group>
		</radio>
		<radio>
			<name>江苏汽车调频</name>
			<frequency>99.7</frequency>
			<area>江苏</area>
			<group>J</group>
		</radio>
		<radio>
			<name>常州电台音乐频率</name>
			<frequency>93.5</frequency>
			<area>江苏</area>
			<group>J</group>
		</radio>
		<radio>
			<name>江苏经典流行音乐台</name>
			<frequency>97.5</frequency>
			<area>江苏</area>
			<group>J</group>
		</radio>
		<radio>
			<name>新疆城市广播</name>
			<frequency>92.9</frequency>
			<area>新疆</area>
			<group>X</group>
		</radio>
		<radio>
			<name>新疆音乐广播</name>
			<frequency>103.9</frequency>
			<area>新疆</area>
			<group>X</group>
		</radio>
		<radio>
			<name>新疆维吾尔族语综合广播</name>
			<frequency>101.7</frequency>
			<area>新疆</area>
			<group>X</group>
		</radio>
		<radio>
			<name>新疆故事广播</name>
			<frequency>102.8</frequency>
			<area>新疆</area>
			<group>X</group>
		</radio>
		<radio>
			<name>乌鲁木齐交通广播</name>
			<frequency>97.4</frequency>
			<area>新疆</area>
			<group>X</group>
		</radio>
		<radio>
			<name>新疆绿色广播</name>
			<frequency>89.5</frequency>
			<area>新疆</area>
			<group>X</group>
		</radio>
		<radio>
			<name>新疆维吾尔族文艺广播</name>
			<frequency>107.4</frequency>
			<area>新疆</area>
			<group>X</group>
		</radio>
		<radio>
			<name>新疆新闻广播</name>
			<frequency>96.1</frequency>
			<area>新疆</area>
			<group>X</group>
		</radio>
		<radio>
			<name>乌鲁木齐旅游音乐广播</name>
			<frequency>106.5</frequency>
			<area>新疆</area>
			<group>X</group>
		</radio>
		<radio>
			<name>新疆交通广播</name>
			<frequency>94.9</frequency>
			<area>新疆</area>
			<group>X</group>
		</radio>
		<radio>
			<name>新疆哈萨克语综合广播</name>
			<frequency>98.2</frequency>
			<area>新疆</area>
			<group>X</group>
		</radio>
		<radio>
			<name>钦州电台新闻综合广播</name>
			<frequency>98.6</frequency>
			<area>广西</area>
			<group>G</group>
		</radio>
		<radio>
			<name>钦州电台音乐广播</name>
			<frequency>88.9</frequency>
			<area>广西</area>
			<group>G</group>
		</radio>
		<radio>
			<name>玉林新闻广播</name>
			<frequency>97.8</frequency>
			<area>广西</area>
			<group>G</group>
		</radio>
		<radio>
			<name>桂林旅游音乐广播</name>
			<frequency>88.3</frequency>
			<area>广西</area>
			<group>G</group>
		</radio>
		<radio>
			<name>南宁新闻广播</name>
			<frequency>101.4</frequency>
			<area>广西</area>
			<group>G</group>
		</radio>
		<radio>
			<name>广西私家车广播</name>
			<frequency>93.0</frequency>
			<area>广西</area>
			<group>G</group>
		</radio>
		<radio>
			<name>南宁生活广播</name>
			<frequency>104.9</frequency>
			<area>广西</area>
			<group>G</group>
		</radio>
		<radio>
			<name>广西交通广播</name>
			<frequency>100.3</frequency>
			<area>广西</area>
			<group>G</group>
		</radio>
		<radio>
			<name>970女主播电台</name>
			<frequency>97.0</frequency>
			<area>广西</area>
			<group>G</group>
		</radio>
		<radio>
			<name>梧州电台交通音乐之声</name>
			<frequency>107.5</frequency>
			<area>广西</area>
			<group>G</group>
		</radio>
		<radio>
			<name>950MusicRadio广西音乐台</name>
			<frequency>95.0</frequency>
			<area>广西</area>
			<group>G</group>
		</radio>
		<radio>
			<name>1074交通台</name>
			<frequency>107.4</frequency>
			<area>广西</area>
			<group>G</group>
		</radio>
		<radio>
			<name>广东电台音乐之声</name>
			<frequency>99.3</frequency>
			<area>广东</area>
			<group>G</group>
		</radio>
		<radio>
			<name>江门旅游之声</name>
			<frequency>93.3</frequency>
			<area>广东</area>
			<group>G</group>
		</radio>
		<radio>
			<name>广东电台城市之声</name>
			<frequency>103.6</frequency>
			<area>广东</area>
			<group>G</group>
		</radio>
		<radio>
			<name>广东电台股市台</name>
			<frequency>95.3</frequency>
			<area>广东</area>
			<group>G</group>
		</radio>
		<radio>
			<name>深圳电台先锋898</name>
			<frequency>89.9</frequency>
			<area>广东</area>
			<group>G</group>
		</radio>
		<radio>
			<name>广东电台文体台</name>
			<frequency>107.7</frequency>
			<area>广东</area>
			<group>G</group>
		</radio>
		<radio>
			<name>深圳私家车广播</name>
			<frequency>94.2</frequency>
			<area>广东</area>
			<group>G</group>
		</radio>
		<radio>
			<name>广东电台新闻台</name>
			<frequency>91.4</frequency>
			<area>广东</area>
			<group>G</group>
		</radio>
		<radio>
			<name>中山电台快乐888</name>
			<frequency>88.8</frequency>
			<area>广东</area>
			<group>G</group>
		</radio>
		<radio>
			<name>优悦广播URADIO</name>
			<frequency>105.7</frequency>
			<area>广东</area>
			<group>G</group>
		</radio>
		<radio>
			<name>珠江经济广播电台</name>
			<frequency>97.4</frequency>
			<area>广东</area>
			<group>G</group>
		</radio>
		<radio>
			<name>太音乐广播</name>
			<frequency>102.6</frequency>
			<area>山西</area>
			<group>S</group>
		</radio>
		<radio>
			<name>太原私家车Radio</name>
			<frequency>104.4</frequency>
			<area>山西</area>
			<group>S</group>
		</radio>
		<radio>
			<name>太原交通广播</name>
			<frequency>107</frequency>
			<area>山西</area>
			<group>S</group>
		</radio>
		<radio>
			<name>青岛交通广播</name>
			<frequency>89.7</frequency>
			<area>山东</area>
			<group>S</group>
		</radio>
		<radio>
			<name>青岛新闻广播</name>
			<frequency>107.6</frequency>
			<area>山东</area>
			<group>S</group>
		</radio>
		<radio>
			<name>潍坊908音乐广播</name>
			<frequency>90.8</frequency>
			<area>山东</area>
			<group>S</group>
		</radio>
		<radio>
			<name>山东城市之音</name>
			<frequency>99.1</frequency>
			<area>山东</area>
			<group>S</group>
		</radio>
		<radio>
			<name>淄博交通文艺广播</name>
			<frequency>100</frequency>
			<area>山东</area>
			<group>S</group>
		</radio>
		<radio>
			<name>青岛音乐体育广播</name>
			<frequency>91.5</frequency>
			<area>山东</area>
			<group>S</group>
		</radio>
		<radio>
			<name>山东广播经济频道</name>
			<frequency>98.6</frequency>
			<area>山东</area>
			<group>S</group>
		</radio>
		<radio>
			<name>潍坊音乐广播</name>
			<frequency>88.7</frequency>
			<area>山东</area>
			<group>S</group>
		</radio>
		<radio>
			<name>寿光汽车电台</name>
			<frequency>105.6</frequency>
			<area>山东</area>
			<group>S</group>
		</radio>
		<radio>
			<name>济宁音乐广播</name>
			<frequency>107</frequency>
			<area>山东</area>
			<group>S</group>
		</radio>
		<radio>
			<name>iradio女主播电台</name>
			<frequency>97.5</frequency>
			<area>山东</area>
			<group>S</group>
		</radio>
		<radio>
			<name>淄博私家车广播</name>
			<frequency>106.7</frequency>
			<area>山东</area>
			<group>S</group>
		</radio>
		<radio>
			<name>即墨人民广播电台</name>
			<frequency>101.7</frequency>
			<area>山东</area>
			<group>S</group>
		</radio>
		<radio>
			<name>济南电台Music88.7</name>
			<frequency>88.7</frequency>
			<area>山东</area>
			<group>S</group>
		</radio>
		<radio>
			<name>山东体育休闲广播</name>
			<frequency>102.1</frequency>
			<area>山东</area>
			<group>S</group>
		</radio>
		<radio>
			<name>926音乐广播</name>
			<frequency>92.6</frequency>
			<area>山东</area>
			<group>S</group>
		</radio>
		<radio>
			<name>山东广播乡村频道</name>
			<frequency>91.9</frequency>
			<area>山东</area>
			<group>S</group>
		</radio>
		<radio>
			<name>山东新闻广播</name>
			<frequency>95.0</frequency>
			<area>山东</area>
			<group>S</group>
		</radio>
		<radio>
			<name>山东广播交通音乐之声</name>
			<frequency>101.1</frequency>
			<area>山东</area>
			<group>S</group>
		</radio>
		<radio>
			<name>烟台交通广播</name>
			<frequency>103</frequency>
			<area>山东</area>
			<group>S</group>
		</radio>
		<radio>
			<name>烟台音乐广播</name>
			<frequency>91.2</frequency>
			<area>山东</area>
			<group>S</group>
		</radio>
		<radio>
			<name>青岛经济广播</name>
			<frequency>102.9</frequency>
			<area>山东</area>
			<group>S</group>
		</radio>
		<radio>
			<name>济南交通广播</name>
			<frequency>103.1</frequency>
			<area>山东</area>
			<group>S</group>
		</radio>
		<radio>
			<name>山东广播生活频道</name>
			<frequency>105</frequency>
			<area>山东</area>
			<group>S</group>
		</radio>
		<radio>
			<name>安徽音乐广播</name>
			<frequency>98.5</frequency>
			<area>安徽</area>
			<group>A</group>
		</radio>
		<radio>
			<name>安徽经济广播</name>
			<frequency>97.1</frequency>
			<area>安徽</area>
			<group>A</group>
		</radio>
		<radio>
			<name>魅力音乐广播</name>
			<frequency>88.6</frequency>
			<area>安徽</area>
			<group>A</group>
		</radio>
		<radio>
			<name>安徽MYFM96.1</name>
			<frequency>96.1</frequency>
			<area>安徽</area>
			<group>A</group>
		</radio>
		<radio>
			<name>安徽生活广播</name>
			<frequency>105.5</frequency>
			<area>安徽</area>
			<group>A</group>
		</radio>
		<radio>
			<name>安徽交通广播</name>
			<frequency>90.8</frequency>
			<area>安徽</area>
			<group>A</group>
		</radio>
		<radio>
			<name>宁夏都市广播</name>
			<frequency>103.7</frequency>
			<area>宁夏</area>
			<group>N</group>
		</radio>
		<radio>
			<name>宁夏经济广播</name>
			<frequency>92.8</frequency>
			<area>宁夏</area>
			<group>N</group>
		</radio>
		<radio>
			<name>宁夏新闻广播</name>
			<frequency>106.1</frequency>
			<area>宁夏</area>
			<group>N</group>
		</radio>
		<radio>
			<name>天津交通广播</name>
			<frequency>106.8</frequency>
			<area>天津</area>
			<group>T</group>
		</radio>
		<radio>
			<name>天津音乐广播</name>
			<frequency>99</frequency>
			<area>天津</area>
			<group>T</group>
		</radio>
		<radio>
			<name>天津经济广播</name>
			<frequency>101.4</frequency>
			<area>天津</area>
			<group>T</group>
		</radio>
		<radio>
			<name>天津滨海广播</name>
			<frequency>87.8</frequency>
			<area>天津</area>
			<group>T</group>
		</radio>
		<radio>
			<name>攀枝花汽车电台</name>
			<frequency>91.0</frequency>
			<area>四川</area>
			<group>S</group>
		</radio>
		<radio>
			<name>成都交通广播</name>
			<frequency>91.4</frequency>
			<area>四川</area>
			<group>S</group>
		</radio>
		<radio>
			<name>成都经济广播</name>
			<frequency>105.6</frequency>
			<area>四川</area>
			<group>S</group>
		</radio>
		<radio>
			<name>成都新闻广播</name>
			<frequency>99.8</frequency>
			<area>四川</area>
			<group>S</group>
		</radio>
		<radio>
			<name>四川交通</name>
			<frequency>101.7</frequency>
			<area>四川</area>
			<group>S</group>
		</radio>
		<radio>
			<name>成都文化休闲广播</name>
			<frequency>94.6</frequency>
			<area>四川</area>
			<group>S</group>
		</radio>
		<radio>
			<name>四川旅游生活广播</name>
			<frequency>97.0</frequency>
			<area>四川</area>
			<group>S</group>
		</radio>
    <radio>
      <name>经济频率财富</name>
      <frequency>94.0</frequency>
      <area>四川</area>
      <group>S</group>
    </radio>
		<radio>
			<name>长春新闻广播</name>
			<frequency>88.9</frequency>
			<area>吉林</area>
			<group>J</group>
		</radio>
		<radio>
			<name>吉林资讯广播</name>
			<frequency>100.1</frequency>
			<area>吉林</area>
			<group>J</group>
		</radio>
		<radio>
			<name>吉林市交通台</name>
			<frequency>105.3</frequency>
			<area>吉林</area>
			<group>J</group>
		</radio>
		<radio>
			<name>吉林市汽车台</name>
			<frequency>88.3</frequency>
			<area>吉林</area>
			<group>J</group>
		</radio>
		<radio>
			<name>吉林交通广播</name>
			<frequency>103.8</frequency>
			<area>吉林</area>
			<group>J</group>
		</radio>
		<radio>
			<name>吉林乡村广播</name>
			<frequency>97.6</frequency>
			<area>吉林</area>
			<group>J</group>
		</radio>
		<radio>
			<name>长春都市动听音乐广播</name>
			<frequency>106.4</frequency>
			<area>吉林</area>
			<group>J</group>
		</radio>
		<radio>
			<name>经典90激情调频</name>
			<frequency>90.0</frequency>
			<area>吉林</area>
			<group>J</group>
		</radio>
		<radio>
			<name>吉林教育广播</name>
			<frequency>96.3</frequency>
			<area>吉林</area>
			<group>J</group>
		</radio>
		<radio>
			<name>包头生活娱乐广播</name>
			<frequency>105.9</frequency>
			<area>内蒙古</area>
			<group>N</group>
		</radio>
		<radio>
			<name>内蒙古音乐之声</name>
			<frequency>93.6</frequency>
			<area>内蒙古</area>
			<group>N</group>
		</radio>
		<radio>
			<name>内蒙古交通之声</name>
			<frequency>105.6</frequency>
			<area>内蒙古</area>
			<group>N</group>
		</radio>
		<radio>
			<name>包头音乐广播</name>
			<frequency>100.1</frequency>
			<area>内蒙古</area>
			<group>N</group>
		</radio>
		<radio>
			<name>TOPFM</name>
			<frequency>101.8</frequency>
			<area>全国</area>
			<group>C</group>
		</radio>
		<radio>
			<name>中国之声</name>
			<frequency>106.1</frequency>
			<area>全国</area>
			<group>C</group>
		</radio>
		<radio>
			<name>华夏之声</name>
			<frequency>87.8</frequency>
			<area>全国</area>
			<group>C</group>
		</radio>
		<radio>
			<name>文艺之声</name>
			<frequency>106.6</frequency>
			<area>全国</area>
			<group>C</group>
		</radio>
		<radio>
			<name>HITFM</name>
			<frequency>88.7</frequency>
			<area>全国</area>
			<group>C</group>
		</radio>
		<radio>
			<name>经济之声</name>
			<frequency>96.6</frequency>
			<area>全国</area>
			<group>C</group>
		</radio>
		<radio>
			<name>轻松调频</name>
			<frequency>91.5</frequency>
			<area>全国</area>
			<group>C</group>
		</radio>
		<radio>
			<name>环球资讯广播</name>
			<frequency>90.5</frequency>
			<area>全国</area>
			<group>C</group>
		</radio>
		<radio>
			<name>音乐之声</name>
			<frequency>90.0</frequency>
			<area>全国</area>
			<group>C</group>
		</radio>
		<radio>
			<name>昆明汽车广播</name>
			<frequency>95.4</frequency>
			<area>云南</area>
			<group>Y</group>
		</radio>
		<radio>
			<name>昆明都市调频</name>
			<frequency>102.8</frequency>
			<area>云南</area>
			<group>Y</group>
		</radio>
		<radio>
			<name>云南少儿广播</name>
			<frequency>101.7</frequency>
			<area>云南</area>
			<group>Y</group>
		</radio>
		<radio>
			<name>普洱电台综合广播</name>
			<frequency>106.9</frequency>
			<area>云南</area>
			<group>Y</group>
		</radio>
		<radio>
			<name>云南音乐广播</name>
			<frequency>97</frequency>
			<area>云南</area>
			<group>Y</group>
		</radio>
		<radio>
			<name>云南交通广播</name>
			<frequency>91.8</frequency>
			<area>云南</area>
			<group>Y</group>
		</radio>
		<radio>
			<name>云南经济广播</name>
			<frequency>88.7</frequency>
			<area>云南</area>
			<group>Y</group>
		</radio>
		<radio>
			<name>昆明阳光频率</name>
			<frequency>100.8</frequency>
			<area>云南</area>
			<group>Y</group>
		</radio>
		<radio>
			<name>大理城市电台汽车广播</name>
			<frequency>99.9</frequency>
			<area>云南</area>
			<group>Y</group>
		</radio>
		<radio>
			<name>云南红河交通广播</name>
			<frequency>99.7</frequency>
			<area>云南</area>
			<group>Y</group>
		</radio>
		<radio>
			<name>云南教育广播</name>
			<frequency>100</frequency>
			<area>云南</area>
			<group>Y</group>
		</radio>
		<radio>
			<name>香格里拉之声</name>
			<frequency>99</frequency>
			<area>云南</area>
			<group>Y</group>
		</radio>
		<radio>
			<name>蒙自广播电台</name>
			<frequency>98.4</frequency>
			<area>云南</area>
			<group>Y</group>
		</radio>
		<radio>
			<name>普洱电台新闻广播</name>
			<frequency>93.1</frequency>
			<area>云南</area>
			<group>Y</group>
		</radio>
		<radio>
			<name>东广新闻台</name>
			<frequency>90.9</frequency>
			<area>上海</area>
			<group>S</group>
		</radio>
		<radio>
			<name>上海嘉定电台</name>
			<frequency>100.3</frequency>
			<area>上海</area>
			<group>S</group>
		</radio>
		<radio>
			<name>第一财经广播</name>
			<frequency>97.7</frequency>
			<area>上海</area>
			<group>S</group>
		</radio>
		<radio>
			<name>上海新闻广播</name>
			<frequency>93.4</frequency>
			<area>上海</area>
			<group>S</group>
		</radio>
	</radios>
</root>
