<?xml version="1.0" encoding="UTF-8"?>
<!-- 编辑使用 XMLSpy v2006 U (http://www.altova.com) 由 any (any) -->
<root>
	<radios>
		<radio>
			<name>福建汽车音乐调频</name>
			<frequency>91.3</frequency>
			<area>福建</area>
			<group>F</group>
		</radio>
		<radio>
			<name>厦旅游广播</name>
			<frequency>94.0</frequency>
			<area>福建</area>
			<group>F</group>
		</radio>
		<radio>
			<name>厦门音乐广播</name>
			<frequency>90.9</frequency>
			<area>福建</area>
			<group>F</group>
		</radio>
		<radio>
			<name>福州左海之声</name>
			<frequency>90.1</frequency>
			<area>福建</area>
			<group>F</group>
		</radio>
		<radio>
			<name>厦门闽南之声</name>
			<frequency>101.2</frequency>
			<area>福建</area>
			<group>F</group>
		</radio>
		<radio>
			<name>996海都阳光调频</name>
			<frequency>99.6</frequency>
			<area>福建</area>
			<group>F</group>
		</radio>
		<radio>
			<name>海峡之声汽车生活广播</name>
			<frequency>90.6</frequency>
			<area>福建</area>
			<group>F</group>
		</radio>
		<radio>
			<name>厦门经济交通广播</name>
			<frequency>107</frequency>
			<area>福建</area>
			<group>F</group>
		</radio>
		<radio>
			<name>福建经济电台</name>
			<frequency>96.1</frequency>
			<area>福建</area>
			<group>F</group>
		</radio>
		<radio>
			<name>福州音乐频道</name>
			<frequency>89.3</frequency>
			<area>福建</area>
			<group>F</group>
		</radio>
		<radio>
			<name>福州交通之声</name>
			<frequency>87.6</frequency>
			<area>福建</area>
			<group>F</group>
		</radio>
		<radio>
			<name>贵州新闻广播</name>
			<frequency>94.6</frequency>
			<area>贵州</area>
			<group>G</group>
		</radio>
		<radio>
			<name>贵经济广播</name>
			<frequency>98.9</frequency>
			<area>贵州</area>
			<group>G</group>
		</radio>
	</radios>
</root>
